{
    "fd347ce6f85052e37a49cf7b": {
        "amount": "1000,54",
        "error": false,
        "orderId": "fd347ce6f85052e37a49cf7b",
        "status": "STARTED",
        "message": "\u00d6deme a\u015famas\u0131na ge\u00e7ildi."
    },
    "bfa2281dba69f7b56317b7d8": {
        "amount": "1000,54",
        "error": false,
        "orderId": "bfa2281dba69f7b56317b7d8",
        "status": "STARTED",
        "message": "\u00d6deme a\u015famas\u0131na ge\u00e7ildi."
    },
    "3bc8df2e636e7b8579f58d84": {
        "amount": "1000,54",
        "error": false,
        "orderId": "3bc8df2e636e7b8579f58d84",
        "status": "STARTED",
        "message": "\u00d6deme a\u015famas\u0131na ge\u00e7ildi."
    },
    "d95f1eec840f70c64396c05e": {
        "amount": "1000,54",
        "error": false,
        "orderId": "d95f1eec840f70c64396c05e",
        "status": "SUCCESS",
        "message": "\u00d6deme tamamland\u0131",
        "transactionToken": "0b71f077-9752-444d-a942-7fb8df7c1cca",
        "detail": null
    },
    "cb261b6e872ad2b33b8e8fee": {
        "amount": "1000,54",
        "error": false,
        "orderId": "cb261b6e872ad2b33b8e8fee",
        "status": "SUCCESS",
        "message": "\u00d6deme tamamland\u0131",
        "transactionToken": "41357c5f-b10c-42dc-bf13-9639a87a3bc3",
        "detail": null
    },
    "e193c0b58b7c1bd2dfa0e168": {
        "amount": "1000,54",
        "error": false,
        "orderId": "e193c0b58b7c1bd2dfa0e168",
        "status": "STARTED",
        "message": "\u00d6deme a\u015famas\u0131na ge\u00e7ildi."
    },
    "78a456a861a8965d47d56eda": {
        "amount": "1000,54",
        "error": false,
        "orderId": "78a456a861a8965d47d56eda",
        "status": "STARTED",
        "message": "\u00d6deme a\u015famas\u0131na ge\u00e7ildi."
    },
    "": {
        "amount": null,
        "error": false,
        "orderId": null,
        "status": "STARTED",
        "message": "\u00d6deme a\u015famas\u0131na ge\u00e7ildi."
    },
    "ff006442c17dc80eefb244be": {
        "amount": "1000,54",
        "error": false,
        "orderId": "ff006442c17dc80eefb244be",
        "status": "STARTED",
        "message": "\u00d6deme a\u015famas\u0131na ge\u00e7ildi."
    },
    "2fe8cc0851569c807688a169": {
        "amount": "1000,54",
        "error": false,
        "orderId": "2fe8cc0851569c807688a169",
        "status": "STARTED",
        "message": "\u00d6deme a\u015famas\u0131na ge\u00e7ildi."
    },
    "c9a5630924f86fdd9ace31a0": {
        "amount": "1000,54",
        "error": false,
        "orderId": "c9a5630924f86fdd9ace31a0",
        "status": "STARTED",
        "message": "\u00d6deme a\u015famas\u0131na ge\u00e7ildi."
    },
    "0fd5df244a691b0ccab6c3c1": {
        "amount": "1000,54",
        "error": false,
        "orderId": "0fd5df244a691b0ccab6c3c1",
        "status": "STARTED",
        "message": "\u00d6deme a\u015famas\u0131na ge\u00e7ildi."
    },
    "4f38ee19716d0e3d142fc312": {
        "amount": "1000,54",
        "error": false,
        "orderId": "4f38ee19716d0e3d142fc312",
        "status": "STARTED",
        "message": "\u00d6deme a\u015famas\u0131na ge\u00e7ildi."
    },
    "31ec56a8cc144533554997c6": {
        "amount": "1000,54",
        "error": false,
        "orderId": "31ec56a8cc144533554997c6",
        "status": "STARTED",
        "message": "\u00d6deme a\u015famas\u0131na ge\u00e7ildi."
    },
    "e3b4a8cd2beac5a6beb55948": {
        "amount": "1000,54",
        "error": false,
        "orderId": "e3b4a8cd2beac5a6beb55948",
        "status": "STARTED",
        "message": "\u00d6deme a\u015famas\u0131na ge\u00e7ildi."
    },
    "a0abc706a140ac557f919840": {
        "amount": "1000,54",
        "error": false,
        "orderId": "a0abc706a140ac557f919840",
        "status": "STARTED",
        "message": "\u00d6deme a\u015famas\u0131na ge\u00e7ildi."
    },
    "33f21353f2135f151dc8996a": {
        "amount": "1000,54",
        "error": false,
        "orderId": "33f21353f2135f151dc8996a",
        "status": "STARTED",
        "message": "\u00d6deme a\u015famas\u0131na ge\u00e7ildi."
    },
    "547954286f07afe59fbb3e12": {
        "amount": "1000,54",
        "error": false,
        "orderId": "547954286f07afe59fbb3e12",
        "status": "STARTED",
        "message": "\u00d6deme a\u015famas\u0131na ge\u00e7ildi."
    },
    "bad0e851796407b4dd7540c9": {
        "amount": "1000,54",
        "error": false,
        "orderId": "bad0e851796407b4dd7540c9",
        "status": "STARTED",
        "message": "\u00d6deme a\u015famas\u0131na ge\u00e7ildi."
    },
    "fa50bacda4c3dfd3e6d4cce6": {
        "amount": "1000,54",
        "error": false,
        "orderId": "fa50bacda4c3dfd3e6d4cce6",
        "status": "STARTED",
        "message": "\u00d6deme a\u015famas\u0131na ge\u00e7ildi."
    },
    "36b18e3eebd8fd17523591dc": {
        "amount": "1000,54",
        "error": false,
        "orderId": "36b18e3eebd8fd17523591dc",
        "status": "STARTED",
        "message": "\u00d6deme a\u015famas\u0131na ge\u00e7ildi."
    },
    "abd17c76ddad94011a1cc72f": {
        "amount": "1000,54",
        "error": false,
        "orderId": "abd17c76ddad94011a1cc72f",
        "status": "STARTED",
        "message": "\u00d6deme a\u015famas\u0131na ge\u00e7ildi."
    },
    "289271d95a263db052dcca78": {
        "amount": "1000,54",
        "error": false,
        "orderId": "289271d95a263db052dcca78",
        "status": "STARTED",
        "message": "\u00d6deme a\u015famas\u0131na ge\u00e7ildi."
    },
    "239dd0653bca33f3cc39d184": {
        "amount": "1000,54",
        "error": false,
        "orderId": "239dd0653bca33f3cc39d184",
        "status": "STARTED",
        "message": "\u00d6deme a\u015famas\u0131na ge\u00e7ildi."
    },
    "4b98d6790010d64a30bbd2ca": {
        "amount": "1000,54",
        "error": false,
        "orderId": "4b98d6790010d64a30bbd2ca",
        "status": "STARTED",
        "message": "\u00d6deme a\u015famas\u0131na ge\u00e7ildi."
    },
    "4150a09c0eed6e0e84aa04b6": {
        "amount": "1000,54",
        "error": false,
        "orderId": "4150a09c0eed6e0e84aa04b6",
        "status": "STARTED",
        "message": "\u00d6deme a\u015famas\u0131na ge\u00e7ildi."
    },
    "8477f8ab260d0976577ed40c": {
        "amount": "1000,54",
        "error": false,
        "orderId": "8477f8ab260d0976577ed40c",
        "status": "STARTED",
        "message": "\u00d6deme a\u015famas\u0131na ge\u00e7ildi."
    },
    "18076cb8f3e81ea59da239e0": {
        "amount": "1000,54",
        "error": false,
        "orderId": "18076cb8f3e81ea59da239e0",
        "status": "STARTED",
        "message": "\u00d6deme a\u015famas\u0131na ge\u00e7ildi."
    },
    "d9f6359736b14aff5d30c3cd": {
        "amount": "1000,54",
        "error": false,
        "orderId": "d9f6359736b14aff5d30c3cd",
        "status": "STARTED",
        "message": "\u00d6deme a\u015famas\u0131na ge\u00e7ildi."
    },
    "f8f3fbc54ae2868443b82e1f": {
        "amount": "1000,54",
        "error": false,
        "orderId": "f8f3fbc54ae2868443b82e1f",
        "status": "STARTED",
        "message": "\u00d6deme a\u015famas\u0131na ge\u00e7ildi."
    },
    "0795fc023f7b0a8cb7964cf2": {
        "amount": "1000,54",
        "error": false,
        "orderId": "0795fc023f7b0a8cb7964cf2",
        "status": "STARTED",
        "message": "\u00d6deme a\u015famas\u0131na ge\u00e7ildi."
    },
    "c0528c93e7a7356636cabaed": {
        "amount": "1000,54",
        "error": false,
        "orderId": "c0528c93e7a7356636cabaed",
        "status": "STARTED",
        "message": "\u00d6deme a\u015famas\u0131na ge\u00e7ildi."
    },
    "20a351df3bed2e1b70fcf79e": {
        "amount": "1000,54",
        "error": false,
        "orderId": "20a351df3bed2e1b70fcf79e",
        "status": "STARTED",
        "message": "\u00d6deme a\u015famas\u0131na ge\u00e7ildi."
    },
    "7a223e45928a2abb985e9eda": {
        "amount": "1000,54",
        "error": false,
        "orderId": "7a223e45928a2abb985e9eda",
        "status": "STARTED",
        "message": "\u00d6deme a\u015famas\u0131na ge\u00e7ildi."
    },
    "3d4e6b7b7ebe049ee61995f9": {
        "amount": "1000,54",
        "error": false,
        "orderId": "3d4e6b7b7ebe049ee61995f9",
        "status": "STARTED",
        "message": "\u00d6deme a\u015famas\u0131na ge\u00e7ildi."
    },
    "f36032d7af849096c4f8f1fb": {
        "amount": "1000,54",
        "error": false,
        "orderId": "f36032d7af849096c4f8f1fb",
        "status": "STARTED",
        "message": "\u00d6deme a\u015famas\u0131na ge\u00e7ildi."
    },
    "f230748050521cba9b37a761": {
        "amount": "1000,54",
        "error": false,
        "orderId": "f230748050521cba9b37a761",
        "status": "STARTED",
        "message": "\u00d6deme a\u015famas\u0131na ge\u00e7ildi."
    },
    "26308541cbcc31680ee43624": {
        "amount": "1000,54",
        "error": false,
        "orderId": "26308541cbcc31680ee43624",
        "status": "STARTED",
        "message": "\u00d6deme a\u015famas\u0131na ge\u00e7ildi."
    },
    "e13007b24ba1654a7450d4e5": {
        "amount": "1000,54",
        "error": false,
        "orderId": "e13007b24ba1654a7450d4e5",
        "status": "STARTED",
        "message": "\u00d6deme a\u015famas\u0131na ge\u00e7ildi."
    },
    "c4c8fa5dad246b3b8711f5bb": {
        "amount": "1000,54",
        "error": false,
        "orderId": "c4c8fa5dad246b3b8711f5bb",
        "status": "STARTED",
        "message": "\u00d6deme a\u015famas\u0131na ge\u00e7ildi."
    },
    "b9e50fcb8cba4e859d4123b8": {
        "amount": "1000,54",
        "error": false,
        "orderId": "b9e50fcb8cba4e859d4123b8",
        "status": "STARTED",
        "message": "\u00d6deme a\u015famas\u0131na ge\u00e7ildi."
    },
    "77400686ce9bd1cd405050a1": {
        "amount": "1000,54",
        "error": false,
        "orderId": "77400686ce9bd1cd405050a1",
        "status": "STARTED",
        "message": "\u00d6deme a\u015famas\u0131na ge\u00e7ildi."
    },
    "8d8a30b038bec2a9c59819ef": {
        "amount": "1000,54",
        "error": false,
        "orderId": "8d8a30b038bec2a9c59819ef",
        "status": "SUCCESS",
        "message": "\u00d6deme tamamland\u0131",
        "transactionToken": "f2fa2590-0cc4-4417-ad20-0908672d2f35",
        "detail": null
    },
    "1a51c5ca03c76bbb5ebd1464": {
        "amount": "1000,54",
        "error": false,
        "orderId": "1a51c5ca03c76bbb5ebd1464",
        "status": "SUCCESS",
        "message": "\u00d6deme tamamland\u0131",
        "transactionToken": "a6cbf7b5-e227-4f7a-b912-ea9bda34f90f",
        "detail": null
    },
    "bfa2f97d82735892dabd2f1d": {
        "error": true,
        "status": "FAILED",
        "message": "\u00d6deme yap\u0131lamad\u0131 !",
        "detail": null
    },
    "25e39104aaaf9216f588091e": {
        "error": true,
        "status": "FAILED",
        "message": "\u00d6deme yap\u0131lamad\u0131 !",
        "detail": null
    },
    "8dfe14cec49ecd53d88b28d0": {
        "error": true,
        "status": "FAILED",
        "message": "\u00d6deme yap\u0131lamad\u0131 !",
        "detail": null
    },
    "48ef1ac4f5743dcee3a47844": {
        "error": true,
        "status": "FAILED",
        "message": "\u00d6deme yap\u0131lamad\u0131 !",
        "detail": null
    },
    "e910fd41905513eb00978321": {
        "error": true,
        "status": "FAILED",
        "message": "\u00d6deme yap\u0131lamad\u0131 !",
        "detail": null
    },
    "28b51c70d56b813eccad2235": {
        "amount": "1000,54",
        "error": false,
        "orderId": "28b51c70d56b813eccad2235",
        "status": "SUCCESS",
        "message": "\u00d6deme tamamland\u0131",
        "transactionToken": "22ce68d0-208f-4fda-8e40-2fd6385b16bc",
        "detail": null
    },
    "c6eaf80677b5104f14f06eb8": {
        "amount": "1000,54",
        "error": false,
        "orderId": "c6eaf80677b5104f14f06eb8",
        "status": "SUCCESS",
        "message": "\u00d6deme tamamland\u0131",
        "transactionToken": "0a982b01-8fe7-4e3a-b28c-3f92a79be9da",
        "detail": null
    }
}