{
  "73885ec6f3eeca3c69756499e0547815": {
    "amount": "1000,5",
    "error": false,
    "status": "STARTED",
    "message": "\u00d6deme a\u015famas\u0131na ge\u00e7ildi."
  },
  "e1d562872746496dab655fc885bdb17f": {
    "amount": "1000,5",
    "error": false,
    "status": "STARTED",
    "message": "\u00d6deme a\u015famas\u0131na ge\u00e7ildi."
  },
  "57c9da553e13274b3fd7279dbf0eae68": {
    "amount": "1000,5",
    "error": false,
    "status": "STARTED",
    "message": "\u00d6deme a\u015famas\u0131na ge\u00e7ildi."
  },
  "3c07e4d67d23f49b8afe5688f69a915f": {
    "amount": "1000,5",
    "error": false,
    "status": "STARTED",
    "message": "\u00d6deme a\u015famas\u0131na ge\u00e7ildi."
  },
  "8db6740608772807f5f708c7f91b4188": {
    "amount": "1000,5",
    "error": false,
    "status": "STARTED",
    "message": "\u00d6deme a\u015famas\u0131na ge\u00e7ildi."
  },
  "dce6a8270f6976f7cc8fdbcdb730644d": {
    "amount": "1000,5",
    "error": false,
    "status": "STARTED",
    "message": "\u00d6deme a\u015famas\u0131na ge\u00e7ildi."
  },
  "321a64d931855a5e535e01a0897b15b1": {
    "amount": "1000,5",
    "error": false,
    "status": "STARTED",
    "message": "\u00d6deme a\u015famas\u0131na ge\u00e7ildi."
  },
  "90531367ebddbabe663af30c5ed7f04c": {
    "amount": "1000,5",
    "error": false,
    "status": "STARTED",
    "message": "\u00d6deme a\u015famas\u0131na ge\u00e7ildi."
  },
  "0c935a86c468fddb07c0697304a1f250": {
    "amount": "1000,5",
    "error": false,
    "status": "STARTED",
    "message": "\u00d6deme a\u015famas\u0131na ge\u00e7ildi."
  },
  "c1e5f6a9897be89415d5140d1fcc2d01": {
    "amount": "1000,5",
    "error": false,
    "status": "STARTED",
    "message": "\u00d6deme a\u015famas\u0131na ge\u00e7ildi."
  },
  "1bf8fe7940416c6fc678c989d15b6304": {
    "amount": "1000,5",
    "error": false,
    "status": "STARTED",
    "message": "\u00d6deme a\u015famas\u0131na ge\u00e7ildi."
  },
  "0d7a21d84a014de30df44a828947c027": {
    "amount": "1000,5",
    "error": false,
    "status": "STARTED",
    "message": "\u00d6deme a\u015famas\u0131na ge\u00e7ildi."
  },
  "50479ae433d3cee3e0ddf95459b44069": {
    "amount": "1000,5",
    "error": false,
    "status": "STARTED",
    "message": "\u00d6deme a\u015famas\u0131na ge\u00e7ildi."
  },
  "aa570661deecaea7b5db6020db2e926b": {
    "amount": "1000,5",
    "error": false,
    "status": "STARTED",
    "message": "\u00d6deme a\u015famas\u0131na ge\u00e7ildi."
  },
  "41e2bfd85e3a6856523b63354eeebeb7": {
    "amount": "1000,5",
    "error": false,
    "status": "STARTED",
    "message": "\u00d6deme a\u015famas\u0131na ge\u00e7ildi."
  },
  "823a68bce4e2c5e045ece1e2aea5d116": {
    "amount": "1000,5",
    "error": false,
    "status": "STARTED",
    "message": "\u00d6deme a\u015famas\u0131na ge\u00e7ildi."
  },
  "63cf7bfd70da0a0e563e319365f8a267": {
    "amount": "1000,5",
    "error": false,
    "status": "STARTED",
    "message": "\u00d6deme a\u015famas\u0131na ge\u00e7ildi."
  },
  "2e1a4b09e7b972ef523edb5b3da8cc66": {
    "amount": "1000,5",
    "error": false,
    "status": "STARTED",
    "message": "\u00d6deme a\u015famas\u0131na ge\u00e7ildi."
  },
  "c31efb39291416b308050bacead545c7": {
    "amount": "1000,5",
    "error": false,
    "status": "STARTED",
    "message": "\u00d6deme a\u015famas\u0131na ge\u00e7ildi."
  },
  "871dafc09c8b024725e6372d03b1d709": {
    "amount": "1000,5",
    "error": false,
    "status": "STARTED",
    "message": "\u00d6deme a\u015famas\u0131na ge\u00e7ildi."
  },
  "373f8bab102529d3b7958eb4dae70ce3": {
    "amount": "1000,5",
    "error": false,
    "status": "STARTED",
    "message": "\u00d6deme a\u015famas\u0131na ge\u00e7ildi."
  },
  "84d9acff9deb4ba506048f633781b827": {
    "amount": "1000,5",
    "error": false,
    "status": "STARTED",
    "message": "\u00d6deme a\u015famas\u0131na ge\u00e7ildi."
  },
  "f0872a095bb67c0dc9694b5a3f52ab98": {
    "amount": "1000,5",
    "error": false,
    "status": "STARTED",
    "message": "\u00d6deme a\u015famas\u0131na ge\u00e7ildi."
  },
  "fc0cbea2673f832b42612efdd274bb5b": {
    "amount": "1000,5",
    "error": false,
    "status": "STARTED",
    "message": "\u00d6deme a\u015famas\u0131na ge\u00e7ildi."
  },
  "1290d99a076ef7cc916436c24cbfa253": {
    "amount": "1000,5",
    "error": false,
    "status": "STARTED",
    "message": "\u00d6deme a\u015famas\u0131na ge\u00e7ildi."
  },
  "951c75a05278c44bb049b6e168030fa4": {
    "amount": "1000,5",
    "error": false,
    "status": "STARTED",
    "message": "\u00d6deme a\u015famas\u0131na ge\u00e7ildi."
  },
  "ce7730143669820d1fb800bb9f93d124": {
    "amount": "1000,5",
    "error": false,
    "status": "STARTED",
    "message": "\u00d6deme a\u015famas\u0131na ge\u00e7ildi."
  },
  "6cc2a3ddfb2393a69590b9cd8139b51f": {
    "amount": "1000,5",
    "error": false,
    "status": "STARTED",
    "message": "\u00d6deme a\u015famas\u0131na ge\u00e7ildi."
  },
  "6ccdc2734a62da47aed8f4b3bb13d735": {
    "amount": "1000,5",
    "error": false,
    "status": "SUCCESS",
    "message": "\u00d6deme tamamland\u0131",
    "detail": null
  },
  "b18526e94dcb2f8d0e940718326874da": {
    "amount": "1000,5",
    "error": false,
    "status": "SUCCESS",
    "message": "\u00d6deme tamamland\u0131",
    "detail": null
  },
  "1c4d9f7276a15c71a7f2d2363db0bf32": {
    "amount": "1000,5",
    "error": false,
    "status": "SUCCESS",
    "message": "\u00d6deme tamamland\u0131",
    "detail": null
  },
  "d62ce29d5d5b357b09d8712517710745": {
    "amount": "1000,5",
    "error": false,
    "status": "SUCCESS",
    "message": "\u00d6deme tamamland\u0131",
    "detail": null
  }
}